{"cameraMode":{"drawMode":0,"name":"Shaded","section":"Shading Mode"},"sceneLighting":true,"audioPlay":false,"sceneViewState":{"showFog":true,"showMaterialUpdate":false,"showSkybox":true,"showFlares":true,"showImageEffects":true,"showParticleSystems":true},"in2DMode":false,"pivot":{"x":0.7337967753410339,"y":-0.2649690806865692,"z":22.256147384643556},"rotation":{"x":0.3514539897441864,"y":0.339138925075531,"z":-0.13834033906459809,"w":0.861583948135376},"size":23.676605224609376,"orthographic":false}