{"cameraMode":{"drawMode":0,"name":"Shaded","section":"Shading Mode"},"sceneLighting":true,"audioPlay":false,"sceneViewState":{"showFog":true,"showMaterialUpdate":false,"showSkybox":true,"showFlares":true,"showImageEffects":true,"showParticleSystems":true},"in2DMode":false,"pivot":{"x":-3.4532971382141115,"y":24.208293914794923,"z":344.62066650390627},"rotation":{"x":0.48178747296333315,"y":-0.01840248331427574,"z":0.010120444931089878,"w":0.8760364055633545},"size":74.3568115234375,"orthographic":false}