{"cameraMode":{"drawMode":0,"name":"Shaded","section":"Shading Mode"},"sceneLighting":true,"audioPlay":false,"sceneViewState":{"showFog":true,"showMaterialUpdate":false,"showSkybox":true,"showFlares":true,"showImageEffects":true,"showParticleSystems":true},"in2DMode":false,"pivot":{"x":0.18815435469150544,"y":-3.8576033115386965,"z":332.9951477050781},"rotation":{"x":-0.0016701736021786929,"y":-0.9177830815315247,"z":0.39705994725227358,"w":-0.0038614277727901937},"size":38.9058837890625,"orthographic":false}